id_turma;qnt_disc;qnt_aprovados;qnt_reprovados;qnt_trancamento;media_turma;media_faltas;qnt_reposicao
57593736;37;28.0;9.0;0.0;4.951351351351351;6.378378378378378;1.0
57593841;1;1.0;0.0;0.0;9.5;9.0;0.0
57593882;29;26.0;3.0;0.0;5.972413793103449;7.517241379310345;0.0
57593883;37;36.0;1.0;0.0;6.829729729729731;0.0;0.0
57593885;8;8.0;0.0;0.0;9.5875;6.5;0.0
57593886;3;3.0;0.0;0.0;7.133333333333333;0.0;0.0
57593887;8;8.0;0.0;0.0;8.912500000000001;0.0;0.0
57593888;10;8.0;2.0;0.0;6.23;0.0;0.0
57593889;36;35.0;1.0;0.0;7.372222222222222;4.361111111111111;0.0
57593890;1;1.0;0.0;0.0;5.6;4.0;0.0
57593891;10;9.0;1.0;0.0;5.700000000000001;0.0;0.0
57593892;1;1.0;0.0;0.0;10.0;0.0;0.0
57593893;14;13.0;0.0;1.0;7.214285714285714;5.428571428571429;0.0
57593894;6;5.0;1.0;0.0;7.333333333333333;6.333333333333333;0.0
57593895;2;2.0;0.0;0.0;9.6;0.0;0.0
57593896;2;2.0;0.0;0.0;5.85;0.0;0.0
57593897;1;0.0;1.0;0.0;4.9;8.0;0.0
57593899;2;2.0;0.0;0.0;6.65;7.0;0.0
57593901;1;1.0;0.0;0.0;10.0;0.0;0.0
57593904;1;1.0;0.0;0.0;6.7;0.0;0.0
57593905;3;3.0;0.0;0.0;8.066666666666668;4.666666666666667;0.0
57593906;2;2.0;0.0;0.0;8.25;0.0;0.0
57593923;1;1.0;0.0;0.0;7.3;0.0;0.0
57593935;1;1.0;0.0;0.0;6.3;0.0;0.0
57593936;3;1.0;2.0;0.0;2.6666666666666665;44.0;0.0
57593942;2;2.0;0.0;0.0;6.15;0.0;0.0
57593945;1;0.0;1.0;0.0;0.0;54.0;0.0
57593962;3;2.0;1.0;0.0;5.266666666666667;20.666666666666668;0.0
57593963;2;1.0;1.0;0.0;2.95;0.0;0.0
57593978;1;0.0;1.0;0.0;0.0;18.0;0.0
57593979;21;13.0;6.0;2.0;4.395238095238095;14.19047619047619;0.0
57594000;1;1.0;0.0;0.0;5.4;10.0;0.0
57594024;1;1.0;0.0;0.0;5.5;10.0;0.0
57594159;1;0.0;0.0;1.0;2.1;0.0;0.0
57594182;1;1.0;0.0;0.0;8.8;0.0;0.0
57594184;2;2.0;0.0;0.0;8.5;0.0;0.0
57594188;1;1.0;0.0;0.0;9.3;0.0;0.0
57594189;3;2.0;1.0;0.0;6.7;26.666666666666668;0.0
57594283;8;8.0;0.0;0.0;8.7125;6.75;0.0
57594288;13;6.0;7.0;0.0;3.6538461538461533;12.615384615384615;3.0
57594298;1;1.0;0.0;0.0;6.1;10.0;0.0
57594508;1;0.0;1.0;0.0;0.0;36.0;0.0
57594580;3;1.0;2.0;0.0;2.8666666666666667;22.0;0.0
57594581;1;0.0;1.0;0.0;1.1;16.0;0.0
57594585;1;1.0;0.0;0.0;8.1;14.0;0.0
57594586;3;3.0;0.0;0.0;7.033333333333334;0.0;0.0
57594587;2;0.0;2.0;0.0;0.5;33.0;0.0
57594591;1;1.0;0.0;0.0;6.7;14.0;0.0
57594593;7;6.0;1.0;0.0;6.371428571428571;0.0;2.0
57594594;11;8.0;3.0;0.0;5.4;13.181818181818182;1.0
57594595;5;4.0;1.0;0.0;7.320000000000002;0.0;0.0
57594596;7;6.0;1.0;0.0;5.571428571428571;9.142857142857142;0.0
57594597;12;8.0;4.0;0.0;4.658333333333333;14.666666666666666;2.0
57594598;8;8.0;0.0;0.0;7.7250000000000005;9.5;0.0
57594599;13;11.0;1.0;1.0;5.115384615384615;0.0;0.0
57594600;7;7.0;0.0;0.0;7.700000000000001;0.0;0.0
57594601;8;6.0;1.0;1.0;6.0125;11.5;0.0
57594686;1;1.0;0.0;0.0;7.0;14.0;0.0
57594689;1;1.0;0.0;0.0;7.2;0.0;0.0
57594759;7;7.0;0.0;0.0;7.485714285714287;4.714285714285714;0.0
57594828;2;1.0;0.0;1.0;3.65;28.0;0.0
57594892;15;15.0;0.0;0.0;7.179999999999999;0.0;0.0
57594909;1;1.0;0.0;0.0;9.3;10.0;0.0
57594971;3;3.0;0.0;0.0;8.666666666666666;0.0;0.0
57594973;15;13.0;1.0;1.0;6.239999999999999;0.0;0.0
57594974;1;0.0;1.0;0.0;2.2;0.0;0.0
57594986;1;1.0;0.0;0.0;7.8;0.0;0.0
57595020;27;27.0;0.0;0.0;6.929629629629629;2.2222222222222223;0.0
57595025;94;61.0;27.0;6.0;5.418085106382979;0.0;7.0
57595026;105;58.0;41.0;6.0;4.548571428571429;0.8571428571428571;7.0
57595027;100;37.0;55.0;8.0;3.452;1.44;4.0
57595028;76;53.0;17.0;6.0;5.53421052631579;0.0;8.0
57595029;79;20.0;50.0;9.0;2.045569620253164;20.126582278481013;1.0
57595030;63;6.0;47.0;10.0;1.2158730158730158;21.58730158730159;1.0
57595031;67;40.0;17.0;10.0;4.798507462686566;11.194029850746269;5.0
57595032;37;16.0;17.0;4.0;3.9027027027027046;21.243243243243242;3.0
57595042;98;39.0;29.0;30.0;3.3448979591836734;18.76530612244898;2.0
57595044;36;2.0;30.0;4.0;1.2277777777777779;8.222222222222221;2.0
57595045;106;17.0;85.0;4.0;2.0726415094339625;12.632075471698114;3.0
57595046;120;76.0;41.0;3.0;5.032500000000001;0.0;4.0
57595047;122;74.0;45.0;3.0;4.766393442622953;0.0;8.0
57595049;28;2.0;21.0;5.0;0.9;44.714285714285715;0.0
57595051;104;21.0;72.0;11.0;1.6942307692307685;27.326923076923077;2.0
57595053;115;10.0;82.0;23.0;1.3443478260869566;37.00869565217391;1.0
57595054;94;5.0;80.0;9.0;0.6989361702127659;39.255319148936174;1.0
57595059;101;8.0;83.0;10.0;0.7980198019801981;35.584158415841586;3.0
57595065;24;14.0;8.0;2.0;5.004166666666666;14.916666666666666;1.0
57595066;23;18.0;5.0;0.0;5.169565217391304;12.26086956521739;0.0
57595067;25;14.0;10.0;1.0;4.424;13.12;1.0
57595068;21;9.0;12.0;0.0;3.4809523809523815;25.238095238095237;0.0
57595069;26;16.0;8.0;2.0;4.530769230769231;11.923076923076923;1.0
57595071;11;10.0;1.0;0.0;6.490909090909091;7.636363636363637;0.0
57595072;23;19.0;3.0;1.0;7.221739130434783;12.608695652173912;1.0
57595073;26;20.0;5.0;1.0;6.5807692307692305;12.153846153846153;1.0
57595074;26;23.0;3.0;0.0;6.869230769230769;8.23076923076923;0.0
57595075;26;25.0;1.0;0.0;7.999999999999999;6.846153846153846;0.0
57595079;27;16.0;8.0;3.0;4.611111111111112;0.0;1.0
57595082;22;15.0;6.0;1.0;5.668181818181818;0.0;2.0
57595083;24;16.0;8.0;0.0;5.008333333333332;0.0;2.0
57595084;27;12.0;15.0;0.0;4.2;0.0;1.0
57595085;21;9.0;12.0;0.0;3.7428571428571424;0.0;2.0
57595087;22;8.0;12.0;2.0;2.986363636363636;0.0;0.0
57595088;9;5.0;3.0;1.0;3.5;0.0;0.0
57595089;23;12.0;10.0;1.0;3.417391304347826;0.0;2.0
57595090;14;4.0;7.0;3.0;2.8642857142857143;0.0;0.0
57595091;13;6.0;4.0;3.0;2.8846153846153846;0.0;2.0
57595095;12;7.0;3.0;2.0;4.008333333333334;19.75;1.0
57595096;24;14.0;10.0;0.0;4.670833333333333;15.083333333333334;1.0
57595097;25;9.0;13.0;3.0;3.4160000000000004;28.56;0.0
57595102;22;15.0;5.0;2.0;4.690909090909091;9.454545454545455;0.0
57595104;24;17.0;6.0;1.0;5.370833333333333;9.583333333333334;1.0
57595105;22;10.0;9.0;3.0;3.3681818181818177;16.318181818181817;0.0
57595106;23;9.0;11.0;3.0;2.8956521739130436;14.434782608695652;0.0
57595107;23;15.0;6.0;2.0;4.360869565217392;9.304347826086957;1.0
57595109;22;13.0;9.0;0.0;4.818181818181819;22.727272727272727;1.0
57595115;17;13.0;3.0;1.0;5.635294117647059;13.411764705882353;0.0
57595118;98;87.0;8.0;3.0;6.301020408163263;4.36734693877551;2.0
57595119;118;100.0;13.0;5.0;6.0288135593220336;4.5508474576271185;3.0
57595120;112;90.0;20.0;2.0;5.132142857142858;7.1875;7.0
57595122;74;54.0;16.0;4.0;4.895945945945947;10.243243243243244;3.0
57595123;81;49.0;25.0;7.0;4.525925925925925;0.0;1.0
57595124;63;42.0;15.0;6.0;4.7968253968253975;3.9365079365079363;3.0
57595125;118;92.0;18.0;8.0;6.42457627118644;0.0;4.0
57595126;123;84.0;32.0;7.0;5.6382113821138224;4.878048780487805;12.0
57595130;112;66.0;40.0;6.0;4.425000000000002;6.125;14.0
57595132;119;62.0;45.0;12.0;4.417647058823528;0.0;3.0
57595135;93;75.0;15.0;3.0;5.993548387096777;5.526881720430108;3.0
57595136;88;55.0;24.0;9.0;4.9704545454545475;7.431818181818182;7.0
57595137;135;119.0;14.0;2.0;6.52074074074074;4.814814814814815;5.0
57595138;118;81.0;26.0;11.0;4.947457627118642;5.601694915254237;9.0
57595139;123;76.0;33.0;14.0;4.699999999999998;7.626016260162602;18.0
57595141;40;12.0;26.0;2.0;3.165;17.6;0.0
57595142;100;23.0;48.0;29.0;2.313;16.92;4.0
57595144;131;63.0;57.0;11.0;3.995419847328245;12.045801526717558;11.0
57595145;118;39.0;58.0;21.0;3.0483050847457616;15.313559322033898;7.0
57595146;50;11.0;33.0;6.0;2.562;18.52;0.0
57595147;104;57.0;46.0;1.0;4.500961538461539;2.8653846153846154;7.0
57595148;102;69.0;27.0;6.0;5.163725490196078;6.078431372549019;5.0
57595149;98;58.0;33.0;7.0;4.572448979591835;5.030612244897959;7.0
57595151;93;30.0;50.0;13.0;2.63763440860215;0.0;2.0
57595152;39;24.0;13.0;2.0;4.153846153846153;0.0;0.0
57595153;74;23.0;40.0;11.0;3.1459459459459462;7.27027027027027;6.0
57595175;23;9.0;12.0;2.0;3.365217391304348;5.217391304347826;0.0
57595177;22;5.0;16.0;1.0;2.209090909090909;8.181818181818182;1.0
57595178;24;5.0;15.0;4.0;2.4416666666666664;7.333333333333333;0.0
57595179;16;7.0;7.0;2.0;3.3;4.875;0.0
57595181;27;9.0;13.0;5.0;3.062962962962963;5.407407407407407;1.0
57595182;38;13.0;18.0;7.0;3.257894736842106;5.894736842105263;1.0
57595183;38;18.0;18.0;2.0;4.102631578947368;3.6315789473684212;0.0
57595184;24;4.0;13.0;7.0;1.4083333333333332;5.75;2.0
57595186;103;76.0;25.0;2.0;4.606796116504855;9.436893203883495;16.0
57595187;104;19.0;74.0;11.0;2.5221153846153848;6.634615384615385;2.0
57595188;57;20.0;29.0;8.0;2.7473684210526317;12.280701754385966;1.0
57595189;54;8.0;38.0;8.0;1.5555555555555556;0.0;0.0
57595190;95;54.0;33.0;8.0;4.016842105263158;16.105263157894736;18.0
57595194;94;62.0;23.0;9.0;4.490425531914893;6.382978723404255;12.0
57595197;81;41.0;35.0;5.0;4.349382716049383;6.197530864197531;6.0
57595198;94;71.0;19.0;4.0;5.385106382978723;4.851063829787234;6.0
57595199;101;60.0;32.0;9.0;4.14950495049505;7.9405940594059405;17.0
57595200;90;52.0;27.0;11.0;4.6499999999999995;4.177777777777778;8.0
57595202;64;41.0;15.0;8.0;4.487499999999999;6.265625;7.0
57595203;131;111.0;13.0;7.0;5.774809160305344;0.0;1.0
57595204;142;94.0;26.0;22.0;4.495070422535212;0.0;4.0
57595205;103;85.0;9.0;9.0;5.717475728155341;0.0;4.0
57595207;87;59.0;19.0;9.0;4.606896551724139;0.0;2.0
57595208;125;93.0;18.0;14.0;5.143199999999999;0.0;6.0
57595209;106;51.0;48.0;7.0;4.189622641509435;10.30188679245283;4.0
57595210;50;16.0;32.0;2.0;3.316;20.66;3.0
57595211;51;32.0;15.0;4.0;4.87843137254902;5.490196078431373;0.0
57595212;103;39.0;56.0;8.0;3.168932038834952;14.941747572815533;4.0
57595223;83;50.0;32.0;1.0;4.562650602409637;0.8433734939759037;8.0
57595225;76;43.0;31.0;2.0;4.372368421052632;13.078947368421053;4.0
57595226;42;12.0;28.0;2.0;2.6571428571428575;1.1428571428571428;1.0
57595227;91;20.0;59.0;12.0;2.516483516483517;16.36263736263736;3.0
57595228;90;53.0;31.0;6.0;4.6177777777777775;14.777777777777779;8.0
57595231;27;23.0;4.0;0.0;6.855555555555556;6.222222222222222;1.0
57595233;26;20.0;5.0;1.0;5.207692307692307;9.0;4.0
57595234;22;16.0;5.0;1.0;5.454545454545454;5.863636363636363;2.0
57595235;21;12.0;9.0;0.0;4.409523809523809;10.0;0.0
57595237;26;9.0;10.0;7.0;3.6538461538461537;0.0;0.0
57595251;17;6.0;8.0;3.0;3.6235294117647063;0.0;0.0
57595252;8;5.0;3.0;0.0;4.2;0.0;0.0
57595253;14;4.0;8.0;2.0;2.9071428571428575;0.0;0.0
57595255;30;22.0;8.0;0.0;6.263333333333334;0.0;1.0
57595257;19;13.0;5.0;1.0;5.2;0.0;2.0
57595258;25;20.0;5.0;0.0;5.803999999999999;0.0;0.0
57595259;20;15.0;4.0;1.0;6.585000000000001;0.0;1.0
57595261;24;15.0;5.0;4.0;5.404166666666668;26.0;0.0
57595262;23;21.0;2.0;0.0;6.682608695652173;22.347826086956523;1.0
57595263;10;4.0;6.0;0.0;3.6800000000000006;47.2;1.0
57595265;9;6.0;3.0;0.0;5.166666666666667;24.88888888888889;1.0
57595267;35;18.0;12.0;5.0;4.034285714285715;27.714285714285715;0.0
57595268;32;23.0;8.0;1.0;5.378124999999999;19.6875;1.0
57595269;24;11.0;8.0;5.0;3.9875000000000007;27.916666666666668;0.0
57595270;13;6.0;6.0;1.0;3.376923076923077;40.61538461538461;1.0
57595283;93;61.0;29.0;3.0;5.204301075268817;0.0;13.0
57595285;82;39.0;40.0;3.0;4.109756097560975;10.292682926829269;10.0
57595286;103;68.0;30.0;5.0;5.18252427184466;6.310679611650485;16.0
57595288;100;61.0;30.0;9.0;4.439000000000002;6.15;15.0
57595289;88;65.0;15.0;8.0;5.482954545454543;4.25;3.0
57595297;66;51.0;9.0;6.0;5.587878787878788;3.8484848484848486;0.0
57595299;34;31.0;2.0;1.0;6.894117647058825;4.0;1.0
57595300;115;107.0;7.0;1.0;7.419130434782605;1.7565217391304349;1.0
57595302;94;83.0;7.0;4.0;6.8638297872340415;0.7872340425531915;6.0
57595303;46;35.0;6.0;5.0;5.795652173913045;5.391304347826087;3.0
57595305;114;108.0;5.0;1.0;7.43771929824562;4.105263157894737;2.0
57595306;103;76.0;18.0;9.0;5.099029126213594;13.631067961165048;3.0
57595308;52;47.0;3.0;2.0;6.417307692307693;13.557692307692308;1.0
57595309;32;27.0;4.0;1.0;6.546875000000001;13.875;0.0
57595310;55;49.0;6.0;0.0;6.420000000000003;13.145454545454545;0.0
57595312;2;1.0;1.0;0.0;3.4499999999999997;7.0;0.0
57595313;1;1.0;0.0;0.0;7.0;0.0;0.0
57595315;35;27.0;7.0;1.0;4.92;16.057142857142857;1.0
57595316;31;26.0;5.0;0.0;5.741935483870966;12.838709677419354;1.0
57595318;28;26.0;2.0;0.0;6.8;9.5;1.0
57595319;13;6.0;6.0;1.0;4.646153846153846;25.615384615384617;1.0
57595321;40;34.0;6.0;0.0;5.83;10.175;1.0
57595322;37;33.0;3.0;1.0;5.864864864864865;10.972972972972974;0.0
57595325;35;24.0;10.0;1.0;5.159999999999999;12.114285714285714;2.0
57595329;38;32.0;2.0;4.0;5.744736842105263;0.0;1.0
57595330;11;10.0;1.0;0.0;6.00909090909091;11.090909090909092;0.0
57595333;24;16.0;7.0;1.0;4.479166666666667;0.0;1.0
57595335;23;11.0;12.0;0.0;4.069565217391304;0.0;0.0
57595336;25;13.0;11.0;1.0;4.147999999999999;0.0;0.0
57595337;25;11.0;13.0;1.0;4.16;0.0;1.0
57595345;7;4.0;3.0;0.0;3.9285714285714284;18.285714285714285;0.0
57595346;10;6.0;3.0;1.0;4.279999999999999;8.6;0.0
57595348;15;5.0;7.0;3.0;2.433333333333333;18.666666666666668;0.0
57595349;3;0.0;3.0;0.0;0.0;52.666666666666664;0.0
57595352;6;2.0;3.0;1.0;2.8666666666666667;27.5;0.0
57595353;15;7.0;7.0;1.0;3.4399999999999995;17.2;0.0
57595354;15;11.0;3.0;1.0;4.78;10.266666666666667;0.0
57595358;10;6.0;4.0;0.0;3.81;21.6;0.0
57595360;16;4.0;10.0;2.0;2.8;26.75;3.0
57595361;15;9.0;4.0;2.0;4.1933333333333325;18.533333333333335;0.0
57595364;10;6.0;3.0;1.0;3.9800000000000004;6.2;1.0
57595366;27;13.0;13.0;1.0;3.9777777777777774;12.74074074074074;2.0
57595367;104;89.0;11.0;4.0;5.914423076923077;4.538461538461538;0.0
57595368;12;5.0;6.0;1.0;4.033333333333334;14.5;1.0
57595372;23;17.0;6.0;0.0;5.1173913043478265;4.782608695652174;0.0
57595373;25;19.0;5.0;1.0;6.0;3.64;0.0
57595374;25;15.0;10.0;0.0;4.252000000000001;6.8;0.0
57595375;24;10.0;11.0;3.0;3.5416666666666674;12.833333333333334;2.0
57595377;19;14.0;5.0;0.0;5.136842105263157;0.0;2.0
57595378;25;19.0;5.0;1.0;5.0360000000000005;0.0;3.0
57595379;16;12.0;4.0;0.0;4.90625;0.0;0.0
57595380;23;14.0;7.0;2.0;4.308695652173913;3.652173913043478;1.0
57595383;25;12.0;12.0;1.0;3.9640000000000004;1.68;0.0
57595384;18;8.0;7.0;3.0;4.027777777777777;7.0;4.0
57595385;23;12.0;5.0;6.0;4.439130434782609;0.782608695652174;0.0
57595390;104;65.0;36.0;3.0;4.63173076923077;5.653846153846154;11.0
57595391;54;19.0;31.0;4.0;3.131481481481481;9.37037037037037;3.0
57595392;115;80.0;29.0;6.0;4.900869565217394;6.086956521739131;6.0
57595394;59;34.0;25.0;0.0;4.183050847457628;6.203389830508475;1.0
57595395;34;14.0;17.0;3.0;3.6735294117647053;8.941176470588236;2.0
57595396;89;71.0;13.0;5.0;5.841573033707867;4.449438202247191;4.0
57595397;117;106.0;7.0;4.0;6.565811965811968;2.547008547008547;3.0
57595399;23;7.0;15.0;1.0;3.6043478260869564;14.347826086956522;0.0
57595400;23;8.0;15.0;0.0;3.6304347826086962;15.043478260869565;0.0
57595401;24;10.0;14.0;0.0;4.058333333333333;14.791666666666666;0.0
57595402;25;10.0;14.0;1.0;3.567999999999999;16.64;1.0
57595403;1;0.0;1.0;0.0;0.0;48.0;0.0
57595406;24;19.0;5.0;0.0;4.995833333333333;5.75;4.0
57595407;25;18.0;7.0;0.0;5.044;8.72;1.0
57595408;25;21.0;4.0;0.0;5.328;9.84;2.0
57595409;23;14.0;9.0;0.0;4.282608695652174;10.869565217391305;1.0
57595411;23;12.0;10.0;1.0;3.313043478260869;20.0;0.0
57595412;25;15.0;9.0;1.0;4.548;9.2;0.0
57595413;12;4.0;8.0;0.0;3.6333333333333333;12.833333333333334;1.0
57595414;16;7.0;8.0;1.0;3.5312500000000004;19.125;0.0
57595416;5;1.0;3.0;1.0;2.5599999999999996;19.6;0.0
57595417;8;5.0;3.0;0.0;4.6875;13.25;0.0
57595418;8;4.0;3.0;1.0;4.5375;14.5;1.0
57595419;8;4.0;3.0;1.0;3.7250000000000005;19.5;0.0
57595420;41;9.0;32.0;0.0;2.324390243902439;8.78048780487805;5.0
57595421;43;28.0;12.0;3.0;5.132558139534884;21.25581395348837;0.0
57595422;96;88.0;4.0;4.0;7.441666666666664;4.90625;5.0
57595424;32;32.0;0.0;0.0;7.965624999999998;0.09375;0.0
57595426;31;31.0;0.0;0.0;7.364516129032259;0.7741935483870968;0.0
57595428;30;28.0;0.0;2.0;7.493333333333335;2.4;0.0
57595430;29;27.0;1.0;1.0;6.768965517241381;4.275862068965517;0.0
57595432;30;27.0;3.0;0.0;6.513333333333333;3.4;1.0
57595434;29;28.0;1.0;0.0;6.572413793103448;2.586206896551724;1.0
57595436;32;32.0;0.0;0.0;7.5843750000000005;3.5625;0.0
57595438;31;29.0;0.0;2.0;6.551612903225806;5.32258064516129;1.0
57595440;30;28.0;1.0;1.0;8.15;1.6;1.0
57595442;29;26.0;2.0;1.0;6.4172413793103456;6.413793103448276;0.0
57595450;6;4.0;2.0;0.0;4.416666666666666;6.5;1.0
57595452;12;11.0;0.0;1.0;6.124999999999999;4.25;0.0
57595454;5;5.0;0.0;0.0;6.82;1.2;0.0
57595456;30;27.0;2.0;1.0;6.046666666666666;3.6;1.0
57595458;15;14.0;0.0;1.0;7.126666666666666;2.2;0.0
57595460;30;28.0;1.0;1.0;7.376666666666666;6.2;1.0
57595462;21;17.0;3.0;1.0;6.576190476190478;5.380952380952381;0.0
57595464;25;20.0;5.0;0.0;7.164000000000002;0.0;0.0
57595466;23;12.0;5.0;6.0;4.3130434782608695;10.26086956521739;0.0
57595467;18;18.0;0.0;0.0;7.738888888888888;6.111111111111111;0.0
57595468;14;12.0;1.0;1.0;7.1499999999999995;4.714285714285714;0.0
57595470;7;7.0;0.0;0.0;8.22857142857143;9.142857142857142;2.0
57595472;11;9.0;2.0;0.0;6.809090909090909;13.636363636363637;0.0
57595474;10;10.0;0.0;0.0;8.03;8.8;0.0
57595477;16;13.0;2.0;1.0;5.94375;0.0;1.0
57595488;19;10.0;9.0;0.0;4.2894736842105265;12.526315789473685;1.0
57595528;12;12.0;0.0;0.0;9.616666666666665;11.0;1.0
57595529;5;2.0;3.0;0.0;3.7;15.2;0.0
57595536;54;30.0;22.0;2.0;4.264814814814814;0.0;3.0
57595663;1;1.0;0.0;0.0;8.8;0.0;0.0
57595717;2;2.0;0.0;0.0;6.65;0.0;2.0
57595724;18;17.0;0.0;1.0;8.261111111111113;0.0;0.0
57595739;5;5.0;0.0;0.0;7.12;7.2;0.0
57595803;5;3.0;1.0;1.0;5.32;11.6;0.0
57595806;1;1.0;0.0;0.0;8.7;0.0;0.0
57595813;25;10.0;13.0;2.0;4.252000000000001;12.08;2.0
57595817;1;1.0;0.0;0.0;7.3;14.0;0.0
57595819;1;1.0;0.0;0.0;8.5;8.0;0.0
57595821;5;5.0;0.0;0.0;9.559999999999999;6.4;0.0
57595823;25;14.0;10.0;1.0;4.12;11.36;1.0
57595831;3;2.0;1.0;0.0;6.066666666666666;10.666666666666666;0.0
57595832;1;1.0;0.0;0.0;8.5;6.0;0.0
57595833;1;1.0;0.0;0.0;7.2;0.0;0.0
57595845;3;2.0;1.0;0.0;4.033333333333334;13.666666666666666;0.0
57595855;1;1.0;0.0;0.0;8.7;0.0;0.0
57595928;42;18.0;23.0;1.0;3.6928571428571426;12.880952380952381;6.0
57595940;1;1.0;0.0;0.0;6.8;4.0;0.0
57595948;1;1.0;0.0;0.0;6.4;0.0;0.0
57595974;1;1.0;0.0;0.0;9.2;10.0;0.0
57596073;2;2.0;0.0;0.0;5.5;0.0;0.0
57596075;3;3.0;0.0;0.0;9.799999999999999;0.0;0.0
57596076;2;2.0;0.0;0.0;7.949999999999999;0.0;0.0
57596078;1;0.0;0.0;1.0;0.0;0.0;0.0
57596081;3;3.0;0.0;0.0;8.0;8.666666666666666;0.0
57596107;22;22.0;0.0;0.0;6.490909090909091;8.272727272727273;0.0
57596163;1;0.0;1.0;0.0;1.0;19.0;0.0
57596164;6;1.0;5.0;0.0;2.3000000000000003;19.5;0.0
57596166;31;14.0;16.0;1.0;3.6677419354838703;17.258064516129032;0.0
57596169;19;3.0;15.0;1.0;1.8999999999999997;26.473684210526315;1.0
57596171;28;27.0;1.0;0.0;6.128571428571429;11.214285714285714;0.0
57596172;12;9.0;3.0;0.0;4.633333333333334;20.0;0.0
57596173;17;8.0;5.0;4.0;3.8;2.7058823529411766;1.0
57596174;24;24.0;0.0;0.0;7.5249999999999995;12.083333333333334;0.0
57596176;20;16.0;3.0;1.0;5.4399999999999995;0.5;2.0
57596177;11;7.0;4.0;0.0;4.445454545454545;8.363636363636363;1.0
57596183;1;1.0;0.0;0.0;5.5;14.0;0.0
57596187;1;0.0;1.0;0.0;0.9;0.0;0.0
57596188;1;1.0;0.0;0.0;7.3;4.0;0.0
57596233;1;1.0;0.0;0.0;8.3;0.0;0.0
57596236;2;2.0;0.0;0.0;10.0;0.0;0.0
57596244;1;1.0;0.0;0.0;9.0;18.0;0.0
57596249;1;1.0;0.0;0.0;8.8;0.0;0.0
57596261;14;14.0;0.0;0.0;5.32142857142857;0.0;0.0
57596262;3;3.0;0.0;0.0;5.533333333333334;0.0;0.0
57596263;1;1.0;0.0;0.0;8.5;12.0;0.0
57596264;8;8.0;0.0;0.0;7.0;11.0;0.0
57596272;7;6.0;0.0;1.0;5.185714285714285;14.285714285714286;0.0
57596273;2;0.0;2.0;0.0;0.0;63.0;0.0
57596277;1;1.0;0.0;0.0;6.3;16.0;0.0
57596316;12;10.0;2.0;0.0;5.949999999999999;13.333333333333334;0.0
57596318;29;11.0;17.0;1.0;3.36551724137931;9.586206896551724;2.0
57596319;1;1.0;0.0;0.0;8.3;6.0;0.0
57596324;43;40.0;2.0;1.0;6.116279069767442;7.1395348837209305;0.0
57596325;25;25.0;0.0;0.0;7.064;3.36;0.0
57596328;4;1.0;2.0;1.0;4.3;0.0;0.0
57596329;1;1.0;0.0;0.0;6.3;9.0;0.0
57596332;3;3.0;0.0;0.0;6.666666666666667;0.0;0.0
57596355;4;3.0;1.0;0.0;6.25;8.5;0.0
57596375;46;46.0;0.0;0.0;8.326086956521744;0.0;0.0
57596376;23;20.0;3.0;0.0;6.13913043478261;0.0;0.0
57596378;24;21.0;3.0;0.0;6.116666666666666;0.0;0.0
57596386;23;10.0;13.0;0.0;3.5695652173913035;9.478260869565217;0.0
57596388;2;2.0;0.0;0.0;8.5;0.0;0.0
57596392;1;1.0;0.0;0.0;5.3;16.0;0.0
57596393;1;1.0;0.0;0.0;7.0;16.0;0.0
57596395;1;1.0;0.0;0.0;6.0;4.0;0.0
57596408;1;0.0;1.0;0.0;1.4;0.0;0.0
57596417;1;1.0;0.0;0.0;7.8;10.0;0.0
57596429;1;0.0;1.0;0.0;1.6;41.0;0.0
57596433;2;1.0;1.0;0.0;3.85;34.0;0.0
57596438;2;2.0;0.0;0.0;7.15;12.0;0.0
57596450;31;29.0;1.0;1.0;6.570967741935483;0.0;0.0
57596488;36;11.0;23.0;2.0;2.8333333333333335;16.02777777777778;1.0
57596502;31;15.0;15.0;1.0;3.6419354838709674;12.96774193548387;0.0
57596535;1;1.0;0.0;0.0;7.4;4.0;0.0
57596540;1;1.0;0.0;0.0;6.6;6.0;0.0
57596542;3;3.0;0.0;0.0;6.866666666666667;1.6666666666666667;0.0
57596545;5;4.0;1.0;0.0;4.4399999999999995;0.0;1.0
57596554;1;0.0;1.0;0.0;3.6;16.0;0.0
57596565;5;1.0;4.0;0.0;2.7;19.6;0.0
57596570;43;42.0;1.0;0.0;7.625581395348835;10.604651162790697;0.0
57596572;27;27.0;0.0;0.0;8.048148148148147;10.74074074074074;0.0
57596574;27;15.0;11.0;1.0;4.411111111111111;10.851851851851851;5.0
57596578;2;1.0;1.0;0.0;6.25;4.0;0.0
57596580;42;35.0;7.0;0.0;6.245238095238094;9.285714285714286;2.0
57596582;26;25.0;1.0;0.0;6.499999999999999;9.538461538461538;0.0
57596651;1;1.0;0.0;0.0;6.7;20.0;0.0
57596664;1;0.0;1.0;0.0;0.0;62.0;0.0
57596681;1;1.0;0.0;0.0;6.3;16.0;0.0
57596683;8;2.0;6.0;0.0;3.1500000000000004;22.25;1.0
57596684;1;1.0;0.0;0.0;6.4;10.0;0.0
57596692;1;1.0;0.0;0.0;10.0;0.0;0.0
57596696;3;3.0;0.0;0.0;8.633333333333333;6.0;0.0
57596712;1;1.0;0.0;0.0;7.7;10.0;0.0
57596720;2;2.0;0.0;0.0;8.0;4.0;0.0
57596753;30;26.0;4.0;0.0;5.346666666666667;7.866666666666666;0.0
57596756;28;27.0;1.0;0.0;7.271428571428572;6.25;0.0
57596758;27;24.0;3.0;0.0;5.87037037037037;6.888888888888889;2.0
57596759;24;23.0;1.0;0.0;5.908333333333334;7.5;0.0
57596762;22;20.0;2.0;0.0;5.654545454545454;10.818181818181818;2.0
57596766;21;17.0;3.0;1.0;5.347619047619047;13.047619047619047;0.0
57596768;28;24.0;3.0;1.0;5.353571428571429;12.928571428571429;0.0
57596771;17;17.0;0.0;0.0;8.294117647058824;0.0;0.0
57596772;1;0.0;1.0;0.0;2.5;20.0;0.0
57596773;24;16.0;7.0;1.0;4.966666666666666;10.875;1.0
57596774;22;21.0;1.0;0.0;6.781818181818181;8.545454545454545;2.0
57596775;13;13.0;0.0;0.0;8.615384615384615;0.0;0.0
57596776;6;6.0;0.0;0.0;7.266666666666666;9.0;1.0
57596777;1;1.0;0.0;0.0;7.4;0.0;0.0
57596779;2;2.0;0.0;0.0;5.35;4.0;0.0
57596782;5;3.0;2.0;0.0;4.02;11.2;0.0
57596783;3;3.0;0.0;0.0;5.766666666666667;12.0;0.0
57596784;3;3.0;0.0;0.0;8.366666666666667;15.333333333333334;0.0
57596795;5;4.0;1.0;0.0;4.62;18.0;0.0
57596799;1;1.0;0.0;0.0;5.0;6.0;0.0
57596809;1;1.0;0.0;0.0;9.1;8.0;0.0
57596823;1;0.0;1.0;0.0;0.0;50.0;0.0
57596846;1;1.0;0.0;0.0;8.2;14.0;0.0
57596867;1;1.0;0.0;0.0;6.9;11.0;0.0
57596879;2;1.0;1.0;0.0;4.45;17.0;0.0
57596905;1;1.0;0.0;0.0;6.4;16.0;0.0
57596928;1;1.0;0.0;0.0;6.1;9.0;0.0
57596943;1;1.0;0.0;0.0;6.6;10.0;0.0
57596945;2;1.0;1.0;0.0;3.85;19.0;0.0
57596956;1;1.0;0.0;0.0;8.2;8.0;0.0
57596975;1;1.0;0.0;0.0;5.8;0.0;1.0
57597005;6;6.0;0.0;0.0;9.116666666666665;10.0;0.0
57597009;5;3.0;2.0;0.0;4.9;0.0;0.0
57597010;1;1.0;0.0;0.0;6.1;0.0;0.0
57597018;1;1.0;0.0;0.0;6.5;4.0;0.0
57597019;2;2.0;0.0;0.0;7.75;4.0;0.0
57597041;3;2.0;0.0;1.0;6.566666666666666;12.333333333333334;0.0
57597045;1;0.0;1.0;0.0;2.1;16.0;0.0
57597051;1;0.0;1.0;0.0;0.0;161.0;0.0
57597058;1;1.0;0.0;0.0;6.4;0.0;0.0
57597123;1;1.0;0.0;0.0;7.1;8.0;0.0
57597126;2;2.0;0.0;0.0;9.350000000000001;0.0;0.0
57597184;1;1.0;0.0;0.0;7.3;16.0;0.0
57597210;1;0.0;1.0;0.0;0.0;10.0;0.0
57597308;12;12.0;0.0;0.0;6.441666666666666;7.916666666666667;0.0
57597310;1;1.0;0.0;0.0;9.0;0.0;0.0
57597316;11;6.0;4.0;1.0;5.290909090909091;7.090909090909091;1.0
57597322;3;2.0;1.0;0.0;6.3;0.0;0.0
57597331;14;14.0;0.0;0.0;7.507142857142857;5.285714285714286;0.0
57597336;10;10.0;0.0;0.0;7.109999999999999;6.0;0.0
57597354;17;15.0;2.0;0.0;5.988235294117648;10.882352941176471;0.0
57597355;1;1.0;0.0;0.0;5.9;15.0;0.0
57597365;41;35.0;6.0;0.0;5.758536585365853;11.536585365853659;0.0
57597366;38;32.0;6.0;0.0;5.944736842105264;0.0;2.0
57597370;21;20.0;1.0;0.0;6.919047619047619;8.142857142857142;0.0
57597371;50;49.0;1.0;0.0;6.5;10.58;3.0
57597372;32;29.0;3.0;0.0;7.178125000000003;1.125;1.0
57597374;45;39.0;4.0;2.0;6.675555555555554;12.71111111111111;0.0
57597376;38;31.0;7.0;0.0;5.989473684210526;9.473684210526315;0.0
57597378;15;7.0;8.0;0.0;3.6333333333333324;25.333333333333332;0.0
57597496;1;1.0;0.0;0.0;8.7;16.0;0.0
57597542;1;1.0;0.0;0.0;6.3;0.0;0.0
57597664;1;0.0;1.0;0.0;4.2;6.0;0.0
57597842;1;0.0;1.0;0.0;0.5;16.0;0.0
57597943;2;2.0;0.0;0.0;7.65;0.0;0.0
57597945;4;4.0;0.0;0.0;7.8500000000000005;13.0;0.0
57597957;1;1.0;0.0;0.0;9.8;12.0;0.0
57597964;20;17.0;2.0;1.0;6.95;13.25;0.0
57597965;1;1.0;0.0;0.0;6.3;4.0;0.0
57597972;27;24.0;0.0;3.0;7.262962962962963;11.962962962962964;0.0
57597974;1;1.0;0.0;0.0;8.3;0.0;0.0
57597978;15;14.0;1.0;0.0;8.966666666666667;0.0;0.0
57597981;1;1.0;0.0;0.0;8.8;10.0;0.0
57597982;1;1.0;0.0;0.0;9.5;0.0;0.0
57597995;1;1.0;0.0;0.0;7.7;2.0;0.0
57597997;5;5.0;0.0;0.0;7.4799999999999995;7.2;0.0
57598014;5;4.0;0.0;1.0;7.94;10.4;0.0
57598019;1;1.0;0.0;0.0;7.0;0.0;0.0
57598023;1;1.0;0.0;0.0;6.7;12.0;0.0
57598024;2;2.0;0.0;0.0;9.05;0.0;0.0
57598025;1;1.0;0.0;0.0;9.0;4.0;0.0
57598028;3;3.0;0.0;0.0;8.833333333333334;0.0;0.0
57598066;2;1.0;1.0;0.0;4.4;20.0;0.0
57598070;1;0.0;1.0;0.0;3.6;26.0;0.0
57598074;2;2.0;0.0;0.0;7.949999999999999;10.0;0.0
57598075;4;3.0;1.0;0.0;5.7250000000000005;0.0;0.0
57598087;2;2.0;0.0;0.0;7.85;4.0;0.0
57598102;48;45.0;2.0;1.0;6.533333333333335;8.354166666666666;0.0
57598107;1;1.0;0.0;0.0;7.0;3.0;0.0
57598114;10;9.0;1.0;0.0;5.3;5.9;0.0
57598268;1;1.0;0.0;0.0;6.4;10.0;0.0
57598303;1;1.0;0.0;0.0;5.9;8.0;0.0
57598317;3;1.0;2.0;0.0;1.8333333333333333;18.0;0.0
57598318;3;1.0;2.0;0.0;3.033333333333333;9.333333333333334;0.0
57598319;7;3.0;3.0;1.0;2.942857142857143;21.0;0.0
57598320;2;2.0;0.0;0.0;9.4;9.0;0.0
57598322;1;1.0;0.0;0.0;8.0;8.0;0.0
57598323;12;7.0;5.0;0.0;4.2;13.166666666666666;1.0
57598325;6;5.0;1.0;0.0;6.116666666666667;7.333333333333333;0.0
57598328;1;0.0;1.0;0.0;0.6;2.0;0.0
57598329;2;1.0;1.0;0.0;4.5;19.5;0.0
57598331;4;3.0;1.0;0.0;5.449999999999999;22.0;0.0
57598332;9;3.0;5.0;1.0;3.466666666666667;16.555555555555557;1.0
57598333;2;2.0;0.0;0.0;8.25;2.0;0.0
57598349;1;1.0;0.0;0.0;8.6;4.0;0.0
57598445;2;2.0;0.0;0.0;8.95;0.0;0.0
57598450;2;1.0;1.0;0.0;7.199999999999999;0.0;1.0
57598453;26;20.0;4.0;2.0;5.053846153846153;0.0;1.0
57598454;10;9.0;1.0;0.0;5.41;12.0;0.0
57598455;17;13.0;3.0;1.0;4.676470588235294;0.0;0.0
57598456;23;19.0;3.0;1.0;6.0086956521739125;16.347826086956523;1.0
57598457;16;10.0;4.0;2.0;4.13125;0.0;1.0
57598458;14;14.0;0.0;0.0;7.0214285714285705;0.0;1.0
57598459;19;14.0;3.0;2.0;5.352631578947369;20.31578947368421;1.0
57598460;5;4.0;1.0;0.0;5.999999999999999;0.0;0.0
57598461;18;3.0;13.0;2.0;3.0722222222222215;10.777777777777779;2.0
57598462;5;2.0;3.0;0.0;2.9199999999999995;26.4;0.0
57598463;4;4.0;0.0;0.0;7.825;10.0;0.0
57598469;1;1.0;0.0;0.0;6.3;12.0;0.0
57598472;14;9.0;4.0;1.0;4.8571428571428585;0.0;0.0
57598473;4;3.0;1.0;0.0;4.875;13.0;0.0
57598474;1;1.0;0.0;0.0;8.9;2.0;0.0
57598475;3;3.0;0.0;0.0;8.9;5.333333333333333;0.0
57598480;1;1.0;0.0;0.0;8.3;2.0;0.0
57598486;1;1.0;0.0;0.0;8.5;12.0;0.0
57598507;1;1.0;0.0;0.0;9.0;0.0;0.0
57598640;16;6.0;9.0;1.0;2.91875;35.0625;2.0
57598650;79;43.0;23.0;13.0;4.182278481012658;16.050632911392405;4.0
57598659;1;1.0;0.0;0.0;9.8;0.0;0.0
57598726;1;1.0;0.0;0.0;5.1;14.0;0.0
57598734;2;2.0;0.0;0.0;6.9;7.0;0.0
57598755;1;1.0;0.0;0.0;5.0;13.0;0.0
57598830;1;1.0;0.0;0.0;9.8;6.0;0.0
57598836;1;1.0;0.0;0.0;6.5;10.0;0.0
57598858;110;74.0;30.0;6.0;5.4872727272727255;1.1;3.0
57598859;122;55.0;66.0;1.0;3.8647540983606548;0.0;5.0
57598860;114;66.0;46.0;2.0;4.624561403508772;0.7543859649122807;7.0
57598861;92;19.0;67.0;6.0;2.1565217391304343;7.3478260869565215;3.0
57598863;105;34.0;61.0;10.0;2.9028571428571435;0.0;10.0
57598864;97;26.0;61.0;10.0;2.6556701030927825;0.0;10.0
57598866;49;32.0;6.0;11.0;4.6387755102040815;9.653061224489797;0.0
57598877;8;8.0;0.0;0.0;9.925;0.0;0.0
57598881;10;5.0;5.0;0.0;4.319999999999999;0.0;0.0
57598897;9;9.0;0.0;0.0;8.622222222222222;0.0;0.0
57598914;1;1.0;0.0;0.0;9.2;0.0;0.0
57598931;6;5.0;1.0;0.0;6.133333333333333;3.6666666666666665;0.0
57599008;121;79.0;26.0;16.0;4.942975206611568;0.0;6.0
57599009;29;6.0;10.0;13.0;1.989655172413793;0.0;0.0
57599115;1;0.0;1.0;0.0;3.8;8.0;0.0
57599126;38;30.0;6.0;2.0;6.007894736842107;0.0;4.0
57599136;1;1.0;0.0;0.0;7.0;0.0;0.0
57599309;1;1.0;0.0;0.0;8.4;16.0;0.0
57599315;1;1.0;0.0;0.0;6.2;4.0;0.0
57599351;1;1.0;0.0;0.0;9.1;0.0;0.0
57599365;3;3.0;0.0;0.0;8.7;0.0;0.0
57599423;1;0.0;1.0;0.0;0.0;52.0;0.0
57599483;1;1.0;0.0;0.0;6.2;7.0;1.0
57599524;1;1.0;0.0;0.0;6.1;16.0;0.0
57599532;29;29.0;0.0;0.0;6.575862068965517;0.1724137931034483;0.0
57599534;11;11.0;0.0;0.0;6.072727272727272;1.0909090909090908;1.0
57599536;19;19.0;0.0;0.0;6.9526315789473685;1.5789473684210527;0.0
57599545;19;18.0;1.0;0.0;6.71578947368421;11.894736842105264;0.0
57599557;27;24.0;3.0;0.0;6.02962962962963;12.851851851851851;0.0
57599558;43;33.0;6.0;4.0;5.544186046511628;16.11627906976744;0.0
57599559;39;36.0;2.0;1.0;7.107692307692309;9.205128205128204;1.0
57599560;44;43.0;0.0;1.0;7.877272727272725;6.318181818181818;0.0
57599563;13;10.0;3.0;0.0;6.230769230769231;2.4615384615384617;0.0
57599565;14;12.0;1.0;1.0;6.064285714285715;13.642857142857142;0.0
57599566;7;2.0;4.0;1.0;2.7428571428571433;26.571428571428573;0.0
57599567;34;25.0;8.0;1.0;5.46470588235294;13.058823529411764;5.0
57599568;18;11.0;6.0;1.0;4.516666666666667;6.888888888888889;2.0
57599569;23;21.0;2.0;0.0;6.5260869565217385;8.391304347826088;0.0
57599570;12;7.0;4.0;1.0;3.516666666666667;18.333333333333332;0.0
57599574;35;31.0;2.0;2.0;7.9857142857142875;11.542857142857143;0.0
57599575;37;21.0;14.0;2.0;3.7270270270270274;29.62162162162162;0.0
57599579;6;6.0;0.0;0.0;7.8999999999999995;10.333333333333334;0.0
57599587;4;2.0;2.0;0.0;4.575;9.0;0.0
57599588;7;4.0;3.0;0.0;3.914285714285714;16.714285714285715;0.0
57599596;4;4.0;0.0;0.0;7.074999999999999;13.5;0.0
57599597;3;3.0;0.0;0.0;6.833333333333333;7.333333333333333;0.0
57599705;2;2.0;0.0;0.0;8.45;10.0;0.0
57599749;31;26.0;3.0;2.0;6.619354838709676;8.709677419354838;0.0
57599752;4;1.0;3.0;0.0;1.5499999999999998;4.0;0.0
57599756;4;3.0;1.0;0.0;5.875;12.0;0.0
57599759;23;17.0;4.0;2.0;5.969565217391305;0.0;2.0
57599761;7;5.0;2.0;0.0;4.671428571428571;12.571428571428571;0.0
57599765;16;12.0;2.0;2.0;5.28125;10.25;1.0
57599771;2;2.0;0.0;0.0;6.75;8.0;0.0
57599777;1;0.0;0.0;1.0;0.0;50.0;0.0
57599779;17;16.0;1.0;0.0;6.823529411764706;9.411764705882353;0.0
57599782;12;10.0;1.0;1.0;7.791666666666667;9.5;1.0
57599800;21;14.0;4.0;3.0;5.633333333333333;35.19047619047619;0.0
57599810;1;1.0;0.0;0.0;7.8;18.0;0.0
57599817;2;2.0;0.0;0.0;9.0;14.0;0.0
57599818;9;8.0;1.0;0.0;6.677777777777778;14.0;0.0
57599820;48;44.0;3.0;1.0;6.391666666666667;10.979166666666666;3.0
57599822;44;32.0;8.0;4.0;5.134090909090909;16.295454545454547;3.0
57599826;20;18.0;2.0;0.0;6.935;0.0;1.0
57599829;19;18.0;1.0;0.0;6.405263157894738;0.0;1.0
57599831;36;31.0;2.0;3.0;7.502777777777778;25.61111111111111;1.0
57600052;1;1.0;0.0;0.0;8.3;4.0;0.0
57600473;7;7.0;0.0;0.0;6.7142857142857135;0.0;3.0
57600698;1;1.0;0.0;0.0;8.0;12.0;0.0
57600840;48;36.0;9.0;3.0;5.531250000000001;0.0;2.0
57600890;3;1.0;1.0;1.0;4.933333333333334;14.0;0.0
57600901;22;14.0;6.0;2.0;5.1863636363636365;12.181818181818182;0.0
57600903;23;18.0;4.0;1.0;6.0260869565217385;7.217391304347826;0.0
57600904;24;16.0;6.0;2.0;5.7458333333333345;5.0;0.0
57600905;22;16.0;6.0;0.0;5.786363636363636;7.454545454545454;0.0
57600907;23;15.0;7.0;1.0;5.039130434782609;15.608695652173912;0.0
57600908;18;11.0;7.0;0.0;4.511111111111112;18.555555555555557;1.0
57600909;18;7.0;9.0;2.0;3.7055555555555557;20.22222222222222;1.0
57600910;20;12.0;7.0;1.0;4.749999999999999;16.9;1.0
57600912;25;15.0;7.0;3.0;4.104;4.32;2.0
57600913;23;13.0;8.0;2.0;4.88695652173913;1.6521739130434783;2.0
57600915;15;7.0;7.0;1.0;4.073333333333333;22.666666666666668;0.0
57600916;13;9.0;4.0;0.0;5.438461538461539;12.307692307692308;0.0
57600948;1;1.0;0.0;0.0;9.6;8.0;0.0
57600950;10;7.0;3.0;0.0;5.510000000000001;0.0;0.0
57600951;7;6.0;1.0;0.0;5.6571428571428575;0.0;0.0
57600953;21;15.0;6.0;0.0;5.423809523809522;0.0;0.0
57600959;21;16.0;5.0;0.0;5.0285714285714285;0.0;1.0
57600960;13;8.0;5.0;0.0;4.0;21.153846153846153;0.0
57600961;24;16.0;5.0;3.0;4.054166666666666;22.791666666666668;3.0
57600964;19;13.0;5.0;1.0;4.963157894736843;8.947368421052632;0.0
57600965;14;9.0;5.0;0.0;5.221428571428571;7.571428571428571;0.0
57600966;18;10.0;3.0;5.0;3.5555555555555554;11.555555555555555;2.0
57600981;19;7.0;10.0;2.0;3.621052631578948;0.0;0.0
57600982;16;15.0;1.0;0.0;6.01875;14.125;1.0
57601192;100;61.0;35.0;4.0;4.389000000000001;0.0;2.0
57601193;17;8.0;7.0;2.0;4.2;0.0;1.0
57601232;44;3.0;33.0;8.0;1.2704545454545455;31.636363636363637;0.0
57601234;12;11.0;1.0;0.0;7.191666666666667;3.75;0.0
57601236;16;16.0;0.0;0.0;6.4312499999999995;0.0;0.0
57601237;5;5.0;0.0;0.0;9.24;0.0;0.0
